<?xml version="1.0" encoding="UTF-8" standalone="no"?>
<registration_data version="1.0">
   <environment>
      <hostname>moovemaster</hostname>
      <hostId/>
      <osName>Windows 7</osName>
      <osVersion>6.1</osVersion>
      <osArchitecture>amd64</osArchitecture>
      <systemModel>Precision M2400</systemModel>
      <systemManufacturer>Dell Inc.</systemManufacturer>
      <cpuManufacturer>GenuineIntel</cpuManufacturer>
      <serialNumber>H0VFL4J</serialNumber>
   </environment>
   <registry urn="urn:st:4c71c60d-d847-4065-9161-458217135bcd" version="1.0">
      <service_tag>
         <instance_urn>urn:st:af7e71f2-51ca-4e41-a299-7e337ef9185a</instance_urn>
         <product_name>Java SE 6 Development Kit</product_name>
         <product_version>1.6.0_17</product_version>
         <product_urn>urn:uuid:b58ef9a8-5ae8-11db-a023-080020a9ed93</product_urn>
         <product_parent_urn>urn:uuid:fdc90b21-018d-4cab-b866-612c7c119ed3</product_parent_urn>
         <product_parent>Java Platform Standard Edition 6 (Java SE 6)</product_parent>
         <product_defined_inst_id>id=1.6.0_17-b04 amd64,dir=C:\Program Files\Java\jdk1.6.0_17\jre</product_defined_inst_id>
         <product_vendor>Sun Microsystems</product_vendor>
         <platform_arch>amd64</platform_arch>
         <timestamp>2009-12-30 23:14:40 GMT</timestamp>
         <container>global</container>
         <source>Windows JDK i586 installer</source>
         <installer_uid>-1</installer_uid>
      </service_tag>
   </registry>
</registration_data>
