<?xml version="1.0" encoding="UTF-8"?>
<site>
   <description url="http://download.eclipse.org/tools/mylyn/update/e3.2">
      Mylyn Update for Eclipse 3.2
   </description>
   <feature url="features/org.eclipse.mylyn_feature_2.0.0.v20070628-1000.jar" id="org.eclipse.mylyn_feature" version="2.0.0.v20070628-1000">
      <category name="Features"/>
   </feature>
   <feature url="features/org.eclipse.mylyn.context_feature_2.0.0.v20070628-1000.jar" id="org.eclipse.mylyn.context_feature" version="2.0.0.v20070628-1000">
      <category name="Features"/>
   </feature>
   <feature url="features/org.eclipse.mylyn.ide_feature_2.0.0.v20070628-1000.jar" id="org.eclipse.mylyn.ide_feature" version="2.0.0.v20070628-1000">
      <category name="Integration"/>
   </feature>
   <feature url="features/org.eclipse.mylyn.java_feature_2.0.0.v20070628-1000.jar" id="org.eclipse.mylyn.java_feature" version="2.0.0.v20070628-1000">
      <category name="Integration"/>
   </feature>
   <feature url="features/org.eclipse.mylyn.pde_feature_2.0.0.v20070628-1000.jar" id="org.eclipse.mylyn.pde_feature" version="2.0.0.v20070628-1000">
      <category name="Integration"/>
   </feature>
   <feature url="features/org.eclipse.mylyn.bugzilla_feature_2.0.0.v20070628-1000.jar" id="org.eclipse.mylyn.bugzilla_feature" version="2.0.0.v20070628-1000">
      <category name="Integration"/>
   </feature>
   <feature url="features/org.eclipse.mylyn.trac_feature_2.0.0.v20070628-1000.jar" id="org.eclipse.mylyn.trac_feature" version="2.0.0.v20070628-1000">
      <category name="Integration"/>
   </feature>
   <category-def name="Features" label="Features"/>
   <category-def name="Integration" label="Integration"/>
</site>
